{
  "eslint.config.js": 1775969539.9984138,
  "openbrain-dashboard.jsx": 1775139544.1204524,
  "vite.config.js": 1775969540.0519283,
  "api\\brains.ts": 1775969539.9974167,
  "api\\capture.ts": 1775817632.1346128,
  "api\\chat.ts": 1775815997.8135061,
  "api\\entries.ts": 1775813659.4149687,
  "api\\external.js": 1775551713.362082,
  "api\\llm.ts": 1775816515.4350467,
  "api\\push.ts": 1775636260.1566944,
  "api\\search.ts": 1775815991.4141295,
  "api\\transfer.ts": 1775634923.0510335,
  "api\\user-data.ts": 1775816518.7848873,
  "api\\vault-entries.ts": 1775805491.8721669,
  "api\\cron\\gap-analyst.ts": 1775636260.1532445,
  "api\\_lib\\checkBrainAccess.ts": 1775503009.2569585,
  "api\\_lib\\cronAuth.ts": 1775635702.8681264,
  "api\\_lib\\generateEmbedding.ts": 1775817626.4978273,
  "api\\_lib\\middleware.ts": 1775634923.0406592,
  "api\\_lib\\rateLimit.ts": 1775634923.041659,
  "api\\_lib\\sbHeaders.ts": 1775634903.7286665,
  "api\\_lib\\securityHeaders.ts": 1775556122.3943868,
  "api\\_lib\\sendPush.ts": 1775503009.258958,
  "api\\_lib\\supabaseClient.ts": 1775634923.041659,
  "api\\_lib\\types.ts": 1775503009.258958,
  "api\\_lib\\verifyAuth.ts": 1775503009.258958,
  "api\\_lib\\web-push.d.ts": 1775503009.259958,
  "api\\_lib\\withAuth.ts": 1775503009.259958,
  "src\\App.tsx": 1775969540.0024145,
  "src\\ErrorBoundary.tsx": 1775712704.7107189,
  "src\\LoginScreen.tsx": 1775969540.0034137,
  "src\\main.tsx": 1775805491.8931675,
  "src\\MemoryContext.tsx": 1775712704.7127194,
  "src\\OpenBrain.tsx": 1775969540.0049205,
  "src\\sw.js": 1775969540.0439277,
  "src\\test-setup.ts": 1775634923.1171236,
  "src\\ThemeContext.tsx": 1775712704.7137222,
  "src\\types.ts": 1775725131.724357,
  "src\\vite-env.d.ts": 1775503009.3099616,
  "src\\components\\BackgroundTaskToast.tsx": 1775969540.0059285,
  "src\\components\\BottomNav.tsx": 1775969540.0059285,
  "src\\components\\BrainSwitcher.tsx": 1775725131.697356,
  "src\\components\\BrainTipCard.tsx": 1775725131.6983585,
  "src\\components\\BulkActionBar.tsx": 1775969540.007931,
  "src\\components\\BulkUploadModal.tsx": 1775969540.008928,
  "src\\components\\CaptureSheet.tsx": 1775969540.009929,
  "src\\components\\CreateBrainModal.tsx": 1775969540.0109282,
  "src\\components\\DesktopSidebar.tsx": 1775969540.0119288,
  "src\\components\\EntryList.tsx": 1775969540.0129275,
  "src\\components\\GridFilters.tsx": 1775969540.0139275,
  "src\\components\\LoadingScreen.tsx": 1775712704.7237196,
  "src\\components\\MobileHeader.tsx": 1775969540.0149286,
  "src\\components\\MobileMoreMenu.tsx": 1775969540.0159276,
  "src\\components\\NotificationSettings.tsx": 1775813007.4779541,
  "src\\components\\NudgeBanner.tsx": 1775731622.3197699,
  "src\\components\\OmniSearch.tsx": 1775969540.0169277,
  "src\\components\\OnboardingChecklist.tsx": 1775969540.0169277,
  "src\\components\\OnboardingModal.tsx": 1775969540.0179276,
  "src\\components\\QuickCapture.tsx": 1775969540.0189273,
  "src\\components\\SkeletonCard.tsx": 1775712704.7297194,
  "src\\components\\UndoToast.tsx": 1775713113.57551,
  "src\\components\\UpdateToast.tsx": 1775969540.0199265,
  "src\\components\\VaultIntroModal.tsx": 1775969540.0199265,
  "src\\components\\icons\\BrainTypeIcon.tsx": 1775725131.7103567,
  "src\\components\\icons\\NavIcons.tsx": 1775969540.0219302,
  "src\\components\\settings\\AccountTab.tsx": 1775725131.711356,
  "src\\components\\settings\\AITab.tsx": 1775813015.8680463,
  "src\\components\\settings\\BrainTab.tsx": 1775713028.77552,
  "src\\components\\settings\\DangerTab.tsx": 1775713149.9100611,
  "src\\components\\settings\\NotificationsTab.tsx": 1775712704.7397296,
  "src\\components\\settings\\ProvidersTab.tsx": 1775969540.022929,
  "src\\components\\settings\\StorageTab.tsx": 1775969540.0239272,
  "src\\components\\ui\\active-pill.tsx": 1775969540.0249276,
  "src\\components\\ui\\badge.tsx": 1775969540.025927,
  "src\\components\\ui\\button.tsx": 1775969540.025927,
  "src\\components\\ui\\chip.tsx": 1775969540.0269275,
  "src\\components\\ui\\EverionLogo.tsx": 1775969540.0239272,
  "src\\components\\__tests__\\BottomNav.test.tsx": 1775634923.0740309,
  "src\\components\\__tests__\\BrainTipCard.test.tsx": 1775634923.0750296,
  "src\\components\\__tests__\\CreateBrainModal.test.tsx": 1775712704.7317183,
  "src\\components\\__tests__\\DesktopSidebar.test.tsx": 1775969540.020928,
  "src\\components\\__tests__\\EntryList.test.tsx": 1775712704.7337208,
  "src\\components\\__tests__\\MobileMoreMenu.test.tsx": 1775644883.500202,
  "src\\components\\__tests__\\OnboardingModal.test.tsx": 1775634923.07803,
  "src\\components\\__tests__\\settings\\AccountTab.test.tsx": 1775651044.8441224,
  "src\\components\\__tests__\\settings\\DangerTab.test.tsx": 1775712704.7347233,
  "src\\config\\models.ts": 1775731849.1306796,
  "src\\config\\prompts.ts": 1775815061.1023657,
  "src\\context\\BrainContext.tsx": 1775503009.2869577,
  "src\\context\\EntriesContext.tsx": 1775503009.2869577,
  "src\\data\\businessSuggestions.ts": 1775503009.2879589,
  "src\\data\\constants.ts": 1775712704.7427294,
  "src\\data\\familySuggestions.ts": 1775503009.28896,
  "src\\data\\personalSuggestions.ts": 1775503009.2899568,
  "src\\hooks\\useAiQuestion.ts": 1775805491.8851671,
  "src\\hooks\\useAuthFlow.ts": 1775969540.0289268,
  "src\\hooks\\useBackgroundCapture.ts": 1775969540.0289268,
  "src\\hooks\\useBrain.ts": 1775503009.2909603,
  "src\\hooks\\useCaptureSheetParse.ts": 1775969540.0299275,
  "src\\hooks\\useChat.ts": 1775713312.4269645,
  "src\\hooks\\useEntryActions.ts": 1775969540.0309308,
  "src\\hooks\\useEntryEdit.ts": 1775969540.031927,
  "src\\hooks\\useNudge.ts": 1775725131.715358,
  "src\\hooks\\useOfflineSync.ts": 1775712704.7467306,
  "src\\hooks\\useQuickCaptureVoice.ts": 1775969540.0329278,
  "src\\hooks\\useRefineAnalysis.ts": 1775969540.034927,
  "src\\hooks\\useRole.ts": 1775503009.2919586,
  "src\\hooks\\useTypeSuggestions.ts": 1775969540.034927,
  "src\\hooks\\useVaultOps.ts": 1775969540.0359304,
  "src\\hooks\\useVoiceRecorder.ts": 1775713591.5613365,
  "src\\hooks\\__tests__\\useOfflineSync.embed.test.ts": 1775712704.7437303,
  "src\\hooks\\__tests__\\useRefineAnalysis.test.ts": 1775969540.0279272,
  "src\\lib\\adaptiveContext.ts": 1775712704.7508333,
  "src\\lib\\agentSystem.ts": 1775712704.7508333,
  "src\\lib\\ai.ts": 1775969540.0379295,
  "src\\lib\\ai.types.ts": 1775713308.8476596,
  "src\\lib\\aiConfig.ts": 1775712704.7528331,
  "src\\lib\\aiFetch.ts": 1775557532.6463552,
  "src\\lib\\aiHeaders.ts": 1775634923.09503,
  "src\\lib\\aiSettings.ts": 1775969540.0389266,
  "src\\lib\\authFetch.ts": 1775969540.0389266,
  "src\\lib\\batchEmbed.ts": 1775712704.7548347,
  "src\\lib\\brainLinks.ts": 1775634923.0970304,
  "src\\lib\\chatContext.ts": 1775712704.7558324,
  "src\\lib\\cn.ts": 1775712704.7558324,
  "src\\lib\\completenessScore.ts": 1775969540.0399275,
  "src\\lib\\connectionFinder.ts": 1775712704.7568336,
  "src\\lib\\conversationMemory.ts": 1775712704.7578342,
  "src\\lib\\crossBrainSearch.ts": 1775712704.7578342,
  "src\\lib\\crypto.ts": 1775503009.295959,
  "src\\lib\\duplicateDetection.ts": 1775712704.7588365,
  "src\\lib\\embeddingQuality.ts": 1775712704.7598343,
  "src\\lib\\embedMismatch.ts": 1775712704.7598343,
  "src\\lib\\entriesCache.ts": 1775557532.6503613,
  "src\\lib\\entryClone.ts": 1775634923.1010292,
  "src\\lib\\entryFilters.ts": 1775805491.8901677,
  "src\\lib\\entryOps.ts": 1775712704.7618341,
  "src\\lib\\entryQueue.ts": 1775712704.7628338,
  "src\\lib\\entryRepository.ts": 1775634923.1020396,
  "src\\lib\\entryVersioning.ts": 1775712704.7628338,
  "src\\lib\\extractNudgeText.ts": 1775712704.7638338,
  "src\\lib\\feedbackLearning.ts": 1775712704.7648335,
  "src\\lib\\fileExtract.ts": 1775969540.0409293,
  "src\\lib\\fileParser.ts": 1775712704.7658336,
  "src\\lib\\fileSplitter.ts": 1775969540.0409293,
  "src\\lib\\learningEngine.ts": 1775969540.041927,
  "src\\lib\\learningPrompt.ts": 1775712704.7668335,